rmse_warm,mae_warm,rmse_cold_users,mae_cold_users,rmse_cold_movies,mae_cold_movies,hit_rate_at_5,model
0.8620900624360248,0.6593078911574225,0.9127311796653099,0.6775106061045968,0.8545877031493105,0.6607220967857275,0.24287856071964017,SVD++
0.8660499106790878,0.6668258142048932,0.9097509304432658,0.7000601961950637,0.8618513652236283,0.6594980632170938,0.32233883058470764,BaselineOnly
0.8694418449939134,0.6672125239587521,0.85669504780956,0.6499436635660876,0.8656821426359922,0.6520430572519766,0.22488755622188905,SVD
0.8984594738923247,0.6879009802382967,0.8923993723536714,0.6662819016374129,0.8729925991343583,0.6740992866643659,0.013493253373313344,KNNWithMeans
0.9889835553834914,0.7651063764812639,1.081861809032131,0.8655377535264085,0.9974061093850486,0.7894610751048367,0.004497751124437781,KNNBasic
